variant,mode,requests,schedulers,round,phase,order,operations,process_wall_ms,ready_to_summary_ms,operations_per_second
old-pinned,pinned,500,1,0,warmup,0,16000,75.064583,57.934625,276173.359
checkpoint-pinned,pinned,500,1,0,warmup,1,16000,74.277542,53.894000,296879.059
old-stealing,stealing,500,1,0,warmup,2,16000,75.391334,55.260459,289537.950
checkpoint-stealing,stealing,500,1,0,warmup,3,16000,75.386458,54.090459,295800.781
checkpoint-pinned,pinned,500,1,1,measured,0,16000,74.300167,54.872292,291586.143
old-stealing,stealing,500,1,1,measured,1,16000,76.679167,55.837417,286546.206
checkpoint-stealing,stealing,500,1,1,measured,2,16000,73.295500,53.082833,301415.714
old-pinned,pinned,500,1,1,measured,3,16000,72.896959,57.491958,278299.793
old-stealing,stealing,500,1,2,measured,0,16000,72.493458,55.540459,288078.282
checkpoint-stealing,stealing,500,1,2,measured,1,16000,73.340833,53.255500,300438.452
old-pinned,pinned,500,1,2,measured,2,16000,77.267667,55.909625,286176.128
checkpoint-pinned,pinned,500,1,2,measured,3,16000,69.803167,54.318458,294559.172
checkpoint-stealing,stealing,500,1,3,measured,0,16000,77.142792,56.428875,283542.778
old-pinned,pinned,500,1,3,measured,1,16000,76.887792,56.358208,283898.310
checkpoint-pinned,pinned,500,1,3,measured,2,16000,73.380958,52.755917,303283.516
old-stealing,stealing,500,1,3,measured,3,16000,75.760417,62.706750,255155.944
old-pinned,pinned,500,1,4,measured,0,16000,72.515000,59.635167,268298.066
checkpoint-pinned,pinned,500,1,4,measured,1,16000,72.222125,57.028459,280561.675
old-stealing,stealing,500,1,4,measured,2,16000,75.313584,56.577041,282800.226
checkpoint-stealing,stealing,500,1,4,measured,3,16000,71.993750,54.507708,293536.466
checkpoint-pinned,pinned,500,1,5,measured,0,16000,75.380333,54.381458,294217.930
old-stealing,stealing,500,1,5,measured,1,16000,72.594292,56.016709,285629.061
checkpoint-stealing,stealing,500,1,5,measured,2,16000,71.390750,54.472833,293724.397
old-pinned,pinned,500,1,5,measured,3,16000,77.161209,55.623583,287647.777
old-pinned,pinned,500,2,0,warmup,0,16000,73.859625,69.726875,229466.759
checkpoint-pinned,pinned,500,2,0,warmup,1,16000,75.791458,53.657833,298185.728
old-stealing,stealing,500,2,0,warmup,2,16000,127.292125,81.207167,197026.945
checkpoint-stealing,stealing,500,2,0,warmup,3,16000,182.379292,136.674334,117066.603
checkpoint-pinned,pinned,500,2,1,measured,0,16000,72.750000,55.851000,286476.518
old-stealing,stealing,500,2,1,measured,1,16000,127.641333,81.342708,196698.640
checkpoint-stealing,stealing,500,2,1,measured,2,16000,180.767209,130.143250,122941.451
old-pinned,pinned,500,2,1,measured,3,16000,124.112834,71.306042,224384.913
old-stealing,stealing,500,2,2,measured,0,16000,126.402166,102.286250,156423.762
checkpoint-stealing,stealing,500,2,2,measured,1,16000,185.049458,142.997958,111889.710
old-pinned,pinned,500,2,2,measured,2,16000,131.841667,67.212291,238051.698
checkpoint-pinned,pinned,500,2,2,measured,3,16000,74.538666,55.092333,290421.537
checkpoint-stealing,stealing,500,2,3,measured,0,16000,174.266625,151.029667,105939.451
old-pinned,pinned,500,2,3,measured,1,16000,76.688917,67.115166,238396.192
checkpoint-pinned,pinned,500,2,3,measured,2,16000,72.389750,55.754459,286972.563
old-stealing,stealing,500,2,3,measured,3,16000,128.858542,75.588791,211671.596
old-pinned,pinned,500,2,4,measured,0,16000,76.885042,68.123625,234867.126
checkpoint-pinned,pinned,500,2,4,measured,1,16000,77.184292,54.887292,291506.457
old-stealing,stealing,500,2,4,measured,2,16000,122.732708,67.129750,238344.400
checkpoint-stealing,stealing,500,2,4,measured,3,16000,179.687833,134.776583,118714.985
checkpoint-pinned,pinned,500,2,5,measured,0,16000,76.271250,53.595791,298530.905
old-stealing,stealing,500,2,5,measured,1,16000,127.790291,86.599458,184758.662
checkpoint-stealing,stealing,500,2,5,measured,2,16000,186.178625,135.598958,117995.007
old-pinned,pinned,500,2,5,measured,3,16000,128.927000,77.574083,206254.452
old-pinned,pinned,500,4,0,warmup,0,16000,124.875083,86.131666,185762.110
checkpoint-pinned,pinned,500,4,0,warmup,1,16000,76.492417,58.692375,272607.813
old-stealing,stealing,500,4,0,warmup,2,16000,127.909375,79.118042,202229.474
checkpoint-stealing,stealing,500,4,0,warmup,3,16000,124.566250,96.140875,166422.450
checkpoint-pinned,pinned,500,4,1,measured,0,16000,74.264083,58.871084,271780.285
old-stealing,stealing,500,4,1,measured,1,16000,125.672667,84.978208,188283.566
checkpoint-stealing,stealing,500,4,1,measured,2,16000,124.668750,81.831000,195524.923
old-pinned,pinned,500,4,1,measured,3,16000,125.111875,86.737500,184464.620
old-stealing,stealing,500,4,2,measured,0,16000,127.959833,85.541208,187044.354
checkpoint-stealing,stealing,500,4,2,measured,1,16000,124.265917,92.588167,172808.260
old-pinned,pinned,500,4,2,measured,2,16000,130.927166,79.262584,201860.691
checkpoint-pinned,pinned,500,4,2,measured,3,16000,71.543208,58.042375,275660.670
checkpoint-stealing,stealing,500,4,3,measured,0,16000,127.500875,80.820875,197968.656
old-pinned,pinned,500,4,3,measured,1,16000,130.521500,77.182250,207301.549
checkpoint-pinned,pinned,500,4,3,measured,2,16000,76.345917,58.923584,271538.133
old-stealing,stealing,500,4,3,measured,3,16000,131.472833,82.309125,194389.140
old-pinned,pinned,500,4,4,measured,0,16000,130.127292,85.101417,188010.970
checkpoint-pinned,pinned,500,4,4,measured,1,16000,71.439584,57.904208,276318.433
old-stealing,stealing,500,4,4,measured,2,16000,121.044958,79.670750,200826.527
checkpoint-stealing,stealing,500,4,4,measured,3,16000,126.458833,82.789667,193260.833
checkpoint-pinned,pinned,500,4,5,measured,0,16000,73.432125,57.643459,277568.353
old-stealing,stealing,500,4,5,measured,1,16000,123.563417,86.872792,184177.343
checkpoint-stealing,stealing,500,4,5,measured,2,16000,129.054875,80.871875,197843.812
old-pinned,pinned,500,4,5,measured,3,16000,125.719458,77.861333,205493.528
old-pinned,pinned,5000,1,0,warmup,0,160000,654.439166,641.777959,249307.409
checkpoint-pinned,pinned,5000,1,0,warmup,1,160000,668.265125,627.201334,255101.498
old-stealing,stealing,5000,1,0,warmup,2,160000,661.941667,647.377167,247151.133
checkpoint-stealing,stealing,5000,1,0,warmup,3,160000,652.937542,620.740959,257756.473
checkpoint-pinned,pinned,5000,1,1,measured,0,160000,646.267375,619.513625,258267.120
old-stealing,stealing,5000,1,1,measured,1,160000,662.316959,640.607584,249762.888
checkpoint-stealing,stealing,5000,1,1,measured,2,160000,612.004000,600.573125,266412.188
old-pinned,pinned,5000,1,1,measured,3,160000,660.674083,630.854375,253624.301
old-stealing,stealing,5000,1,2,measured,0,160000,658.125875,624.866792,256054.574
checkpoint-stealing,stealing,5000,1,2,measured,1,160000,656.822584,616.933958,259347.047
old-pinned,pinned,5000,1,2,measured,2,160000,652.352125,632.651750,252903.750
checkpoint-pinned,pinned,5000,1,2,measured,3,160000,615.616458,604.352166,264746.300
checkpoint-stealing,stealing,5000,1,3,measured,0,160000,656.070542,620.001250,258063.996
old-pinned,pinned,5000,1,3,measured,1,160000,670.617958,631.054292,253543.953
checkpoint-pinned,pinned,5000,1,3,measured,2,160000,657.835833,606.635458,263749.832
old-stealing,stealing,5000,1,3,measured,3,160000,707.409167,680.901792,234982.492
old-pinned,pinned,5000,1,4,measured,0,160000,654.920709,645.158417,248001.105
checkpoint-pinned,pinned,5000,1,4,measured,1,160000,667.651250,639.092250,250355.093
old-stealing,stealing,5000,1,4,measured,2,160000,663.547833,657.534167,243333.363
checkpoint-stealing,stealing,5000,1,4,measured,3,160000,654.504250,613.196584,260927.742
checkpoint-pinned,pinned,5000,1,5,measured,0,160000,614.883209,600.296167,266535.102
old-stealing,stealing,5000,1,5,measured,1,160000,667.733375,626.784500,255271.150
checkpoint-stealing,stealing,5000,1,5,measured,2,160000,615.436584,596.675791,268152.324
old-pinned,pinned,5000,1,5,measured,3,160000,657.912542,629.435916,254195.854
old-pinned,pinned,5000,2,0,warmup,0,160000,774.219625,747.848292,213947.136
checkpoint-pinned,pinned,5000,2,0,warmup,1,160000,649.310000,624.916375,256034.257
old-stealing,stealing,5000,2,0,warmup,2,160000,729.583250,704.323417,227168.366
checkpoint-stealing,stealing,5000,2,0,warmup,3,160000,1476.731125,1463.048334,109360.707
checkpoint-pinned,pinned,5000,2,1,measured,0,160000,620.599958,579.548667,276076.901
old-stealing,stealing,5000,2,1,measured,1,160000,779.640417,743.324458,215249.207
checkpoint-stealing,stealing,5000,2,1,measured,2,160000,1526.739250,1491.325625,107287.099
old-pinned,pinned,5000,2,1,measured,3,160000,1146.046125,1088.211750,147030.208
old-stealing,stealing,5000,2,2,measured,0,160000,725.925708,706.297458,226533.450
checkpoint-stealing,stealing,5000,2,2,measured,1,160000,1466.034125,1435.437000,111464.314
old-pinned,pinned,5000,2,2,measured,2,160000,769.245541,748.171291,213854.771
checkpoint-pinned,pinned,5000,2,2,measured,3,160000,597.483417,586.623875,272747.167
checkpoint-stealing,stealing,5000,2,3,measured,0,160000,1470.798083,1438.082167,111259.289
old-pinned,pinned,5000,2,3,measured,1,160000,864.774333,830.846709,192574.633
checkpoint-pinned,pinned,5000,2,3,measured,2,160000,606.816875,572.916209,279272.950
old-stealing,stealing,5000,2,3,measured,3,160000,823.330958,808.610083,197870.399
old-pinned,pinned,5000,2,4,measured,0,160000,814.102167,790.336167,202445.499
checkpoint-pinned,pinned,5000,2,4,measured,1,160000,610.301416,590.159875,271112.976
old-stealing,stealing,5000,2,4,measured,2,160000,763.874833,709.949666,225368.090
checkpoint-stealing,stealing,5000,2,4,measured,3,160000,1515.477250,1477.350625,108301.981
checkpoint-pinned,pinned,5000,2,5,measured,0,160000,597.720625,574.996208,278262.705
old-stealing,stealing,5000,2,5,measured,1,160000,726.558334,696.325875,229777.473
checkpoint-stealing,stealing,5000,2,5,measured,2,160000,1460.026667,1423.622334,112389.358
old-pinned,pinned,5000,2,5,measured,3,160000,773.886292,750.277083,213254.548
old-pinned,pinned,5000,4,0,warmup,0,160000,867.049417,861.847375,185647.720
checkpoint-pinned,pinned,5000,4,0,warmup,1,160000,607.745500,589.411958,271456.997
old-stealing,stealing,5000,4,0,warmup,2,160000,887.602333,830.303167,192700.698
checkpoint-stealing,stealing,5000,4,0,warmup,3,160000,932.080583,910.974167,175636.155
checkpoint-pinned,pinned,5000,4,1,measured,0,160000,661.117334,639.168041,250325.407
old-stealing,stealing,5000,4,1,measured,1,160000,979.067833,937.043834,170749.750
checkpoint-stealing,stealing,5000,4,1,measured,2,160000,1036.749917,1015.660500,157532.955
old-pinned,pinned,5000,4,1,measured,3,160000,872.911750,863.736292,185241.724
old-stealing,stealing,5000,4,2,measured,0,160000,872.354958,850.498625,188124.937
checkpoint-stealing,stealing,5000,4,2,measured,1,160000,1029.368000,980.115125,163246.129
old-pinned,pinned,5000,4,2,measured,2,160000,826.341583,797.998042,200501.745
checkpoint-pinned,pinned,5000,4,2,measured,3,160000,616.078958,589.549958,271393.455
checkpoint-stealing,stealing,5000,4,3,measured,0,160000,1033.973334,980.525167,163177.862
old-pinned,pinned,5000,4,3,measured,1,160000,825.092625,794.920875,201277.894
checkpoint-pinned,pinned,5000,4,3,measured,2,160000,610.896291,589.532208,271401.626
old-stealing,stealing,5000,4,3,measured,3,160000,920.842500,862.835834,185435.043
old-pinned,pinned,5000,4,4,measured,0,160000,878.126959,839.523083,190584.396
checkpoint-pinned,pinned,5000,4,4,measured,1,160000,608.989542,587.807333,272198.033
old-stealing,stealing,5000,4,4,measured,2,160000,862.993958,817.972416,195605.618
checkpoint-stealing,stealing,5000,4,4,measured,3,160000,983.625834,918.107083,174271.611
checkpoint-pinned,pinned,5000,4,5,measured,0,160000,604.058250,594.706750,269040.161
old-stealing,stealing,5000,4,5,measured,1,160000,868.154958,817.721625,195665.609
checkpoint-stealing,stealing,5000,4,5,measured,2,160000,986.437041,932.879208,171512.023
old-pinned,pinned,5000,4,5,measured,3,160000,932.465792,869.318458,184052.229
