case,language,iteration,steps,seed,wall_ns,peak_rss_bytes
scalar,fern,0,20000000,7,75966500,1572864
scalar,rust,0,20000000,7,56993041,1589248
scalar,bun,0,20000000,7,505098333,19054592
scalar-bigint,bun,0,20000000,7,252021208,28884992
model,fern,0,10000,7,71367292,3653632
model,rust,0,10000,7,3636625,1622016
model,bun,0,10000,7,13609791,31457280
mutable,rust,0,10000,7,2797667,1605632
mutable,bun,0,10000,7,6787709,15548416
scalar,rust,1,20000000,7,57245708,1589248
scalar,bun,1,20000000,7,512239584,19070976
scalar-bigint,bun,1,20000000,7,242875750,28868608
model,fern,1,10000,7,70504583,3653632
model,rust,1,10000,7,3577167,1622016
model,bun,1,10000,7,13698375,32292864
mutable,rust,1,10000,7,2903375,1605632
mutable,bun,1,10000,7,6806875,15056896
scalar,fern,1,20000000,7,75973208,1572864
scalar,bun,2,20000000,7,516717333,19070976
scalar-bigint,bun,2,20000000,7,242532250,28884992
model,fern,2,10000,7,70716792,3637248
model,rust,2,10000,7,3591167,1622016
model,bun,2,10000,7,13819583,32391168
mutable,rust,2,10000,7,2863000,1605632
mutable,bun,2,10000,7,7031958,15056896
scalar,fern,2,20000000,7,76798166,1589248
scalar,rust,2,20000000,7,57226375,1589248
scalar-bigint,bun,3,20000000,7,244739292,28639232
model,fern,3,10000,7,70662833,3653632
model,rust,3,10000,7,3442334,1622016
model,bun,3,10000,7,13882458,31506432
mutable,rust,3,10000,7,2845166,1605632
mutable,bun,3,10000,7,6890583,15630336
scalar,fern,3,20000000,7,77101208,1589248
scalar,rust,3,20000000,7,59559875,1589248
scalar,bun,3,20000000,7,525314458,19054592
model,fern,4,10000,7,70941042,3653632
model,rust,4,10000,7,3584708,1622016
model,bun,4,10000,7,14060000,31801344
mutable,rust,4,10000,7,2841792,1605632
mutable,bun,4,10000,7,7011500,15581184
scalar,fern,4,20000000,7,76008875,1572864
scalar,rust,4,20000000,7,58109084,1589248
scalar,bun,4,20000000,7,522522000,19054592
scalar-bigint,bun,4,20000000,7,245200958,28786688
model,rust,5,10000,7,3836041,1622016
model,bun,5,10000,7,13499209,31719424
mutable,rust,5,10000,7,2823208,1605632
mutable,bun,5,10000,7,6876875,15581184
scalar,fern,5,20000000,7,76215750,1572864
scalar,rust,5,20000000,7,57229459,1589248
scalar,bun,5,20000000,7,526957709,19070976
scalar-bigint,bun,5,20000000,7,251247541,28803072
model,fern,5,10000,7,71923583,3653632
model,bun,6,10000,7,13919667,31686656
mutable,rust,6,10000,7,2904458,1605632
mutable,bun,6,10000,7,6790542,15597568
scalar,fern,6,20000000,7,76416208,1589248
scalar,rust,6,20000000,7,60257834,1589248
scalar,bun,6,20000000,7,519912292,19054592
scalar-bigint,bun,6,20000000,7,246810125,28622848
model,fern,6,10000,7,70756042,3653632
model,rust,6,10000,7,3648833,1622016
mutable,rust,7,10000,7,2450625,1605632
mutable,bun,7,10000,7,6959750,15089664
scalar,fern,7,20000000,7,77759500,1589248
scalar,rust,7,20000000,7,57063375,1589248
scalar,bun,7,20000000,7,519743625,19038208
scalar-bigint,bun,7,20000000,7,258494792,28606464
model,fern,7,10000,7,71725042,3653632
model,rust,7,10000,7,4108583,1622016
model,bun,7,10000,7,13973375,31801344
mutable,bun,8,10000,7,7464708,15056896
scalar,fern,8,20000000,7,81639208,1572864
scalar,rust,8,20000000,7,60934500,1589248
scalar,bun,8,20000000,7,538176291,19070976
scalar-bigint,bun,8,20000000,7,257928292,28688384
model,fern,8,10000,7,71128291,3637248
model,rust,8,10000,7,3552042,1622016
model,bun,8,10000,7,14030083,32063488
mutable,rust,8,10000,7,2912625,1605632
startup,fern,0,0,0,403448041,1572864
startup,rust,0,0,0,251558334,1556480
startup,bun,0,0,0,17388375,9699328
startup,fern,1,0,0,3268584,1572864
startup,rust,1,0,0,3390667,1556480
startup,bun,1,0,0,9691000,9666560
startup,fern,2,0,0,3303750,1572864
startup,rust,2,0,0,3400291,1556480
startup,bun,2,0,0,7738541,9666560
startup,fern,3,0,0,3217042,1572864
startup,rust,3,0,0,2968541,1556480
startup,bun,3,0,0,7294209,9666560
startup,fern,4,0,0,2878292,1572864
startup,rust,4,0,0,2693916,1556480
startup,bun,4,0,0,6308375,9666560
startup,fern,5,0,0,2511041,1572864
startup,rust,5,0,0,2593459,1556480
startup,bun,5,0,0,6186916,9666560
startup,fern,6,0,0,2775250,1572864
startup,rust,6,0,0,2661250,1556480
startup,bun,6,0,0,6550375,9666560
startup,fern,7,0,0,2674583,1572864
startup,rust,7,0,0,2426333,1556480
startup,bun,7,0,0,6127875,9666560
startup,fern,8,0,0,2543833,1572864
startup,rust,8,0,0,2409792,1556480
startup,bun,8,0,0,6348125,9666560
startup,fern,9,0,0,3146542,1572864
startup,rust,9,0,0,3020333,1556480
startup,bun,9,0,0,6531209,9650176
startup,fern,10,0,0,2733167,1572864
startup,rust,10,0,0,2625166,1556480
startup,bun,10,0,0,6013584,9666560
startup,fern,11,0,0,2540833,1572864
startup,rust,11,0,0,2640459,1556480
startup,bun,11,0,0,5622708,9666560
startup,fern,12,0,0,2380084,1572864
startup,rust,12,0,0,2338334,1556480
startup,bun,12,0,0,5511292,9682944
startup,fern,13,0,0,2545000,1572864
startup,rust,13,0,0,2330084,1556480
startup,bun,13,0,0,5543292,9617408
startup,fern,14,0,0,2399875,1572864
startup,rust,14,0,0,2404709,1556480
startup,bun,14,0,0,5481500,9650176
startup,fern,15,0,0,2418083,1572864
startup,rust,15,0,0,2450417,1556480
startup,bun,15,0,0,5522250,9666560
startup,fern,16,0,0,2451166,1572864
startup,rust,16,0,0,2358833,1556480
startup,bun,16,0,0,5450917,9666560
startup,fern,17,0,0,2452250,1572864
startup,rust,17,0,0,2471500,1556480
startup,bun,17,0,0,5467875,9666560
startup,fern,18,0,0,2497958,1572864
startup,rust,18,0,0,2451542,1556480
startup,bun,18,0,0,5499250,9666560
startup,fern,19,0,0,2416167,1572864
startup,rust,19,0,0,2394500,1556480
startup,bun,19,0,0,5422084,9666560
startup,fern,20,0,0,2429334,1572864
startup,rust,20,0,0,2371959,1556480
startup,bun,20,0,0,5465000,9666560
check,fern,0,0,0,4490166,5242880
build,fern,0,0,0,36485958,56623104
check,rust,0,0,0,28354041,93175808
build,rust,0,0,0,127623834,116621312
check,typescript,0,0,0,356590167,347455488
check,fern,1,0,0,5089958,5259264
build,fern,1,0,0,41717500,56606720
check,rust,1,0,0,29380167,93192192
build,rust,1,0,0,130837459,116654080
check,typescript,1,0,0,365548041,372326400
check,fern,2,0,0,4794875,5226496
build,fern,2,0,0,37722750,56426496
check,rust,2,0,0,29153583,93110272
build,rust,2,0,0,136199625,116523008
check,typescript,2,0,0,350866958,355254272
check,fern,3,0,0,4712875,5242880
build,fern,3,0,0,37821792,55623680
check,rust,3,0,0,30992542,93192192
build,rust,3,0,0,139350333,116523008
check,typescript,3,0,0,364507208,377438208
check,fern,4,0,0,4590375,5193728
build,fern,4,0,0,37879875,56606720
check,rust,4,0,0,30015000,93192192
build,rust,4,0,0,134871291,116523008
check,typescript,4,0,0,359569125,337264640
